0038_00169.jpg,3274,1540,3317,1581,0.31
0038_00169.jpg,2914,639,2998,689,0.86
0035_00256.jpg,1930,504,2004,578,0.07
0035_00256.jpg,898,1498,1046,1619,0.90
0024_00268.jpg,3187,1189,3238,1229,0.29
0038_00464.jpg,2857,1688,2952,1737,0.87
0038_00393.jpg,2864,1475,2960,1527,0.88
0034_00069.jpg,3697,1462,3840,1581,0.88
0035_00230.jpg,2117,223,2192,306,0.31
0035_00230.jpg,1084,1227,1234,1347,0.90
0035_00210.jpg,2272,6,2356,95,0.06
0035_00210.jpg,1241,1000,1395,1120,0.91
0024_00049.jpg,314,334,340,358,0.10
0024_00049.jpg,3387,1919,3468,1974,0.74
0024_00006.jpg,3493,2044,3567,2094,0.27
0038_00371.jpg,2777,2003,2812,2054,0.06
0038_00371.jpg,2867,1271,2963,1322,0.88
0035_00101.jpg,1680,444,1837,564,0.91
0019_00331.jpg,3381,887,3453,967,0.81
0035_00305.jpg,1923,501,1994,578,0.24
0035_00305.jpg,878,1503,1030,1628,0.91
0034_00057.jpg,3694,1470,3840,1587,0.90
0035_00233.jpg,2093,259,2166,342,0.53
0035_00233.jpg,1057,1264,1209,1385,0.91
0035_00376.jpg,2192,8,2267,118,0.07
0035_00376.jpg,1553,1064,1633,1120,0.11
0035_00376.jpg,24,369,373,646,0.27
0035_00376.jpg,1318,0,1441,115,0.52
0035_00376.jpg,1025,298,1097,363,0.77
0035_00376.jpg,534,2051,678,2160,0.91
0035_00288.jpg,1928,500,1997,576,0.19
0035_00288.jpg,891,1498,1040,1619,0.89
0019_00366.jpg,3333,933,3411,1016,0.78
0035_00082.jpg,223,1142,260,1188,0.13
0035_00082.jpg,1662,467,1813,586,0.92
0038_00346.jpg,3224,2079,3268,2135,0.28
0038_00346.jpg,2861,1190,2956,1242,0.88
0034_00049.jpg,3692,1477,3840,1592,0.90
0035_00245.jpg,1995,414,2067,489,0.45
0035_00245.jpg,961,1409,1111,1531,0.91
0024_00326.jpg,1,527,23,580,0.07
0038_00388.jpg,2865,1426,2959,1479,0.87
0038_00465.jpg,2857,1694,2952,1740,0.86
0034_00159.jpg,3348,2033,3502,2150,0.70
0038_00505.jpg,2856,2024,2954,2078,0.85
0035_00308.jpg,1913,514,1988,592,0.54
0035_00308.jpg,873,1516,1023,1642,0.91
0024_00298.jpg,3269,1238,3325,1283,0.46
0034_00048.jpg,3691,1477,3840,1591,0.90
0038_00456.jpg,2854,1667,2948,1717,0.87
0034_00045.jpg,3690,1481,3840,1597,0.90
0038_00379.jpg,2866,1338,2963,1392,0.89
0038_00437.jpg,2849,1685,2945,1733,0.86
0035_00188.jpg,1280,964,1434,1086,0.91
0038_00448.jpg,2850,1670,2947,1718,0.86
0035_00262.jpg,875,1515,1031,1639,0.92
0034_00041.jpg,3688,1487,3840,1604,0.89
0024_00072.jpg,3341,1829,3423,1884,0.79
0035_00314.jpg,1895,551,1958,619,0.11
0035_00314.jpg,848,1558,996,1681,0.90
0024_00355.jpg,3406,1313,3458,1357,0.21
0038_00378.jpg,2866,1330,2961,1382,0.87
0034_00046.jpg,3689,1480,3840,1593,0.90
0035_00178.jpg,1274,984,1426,1103,0.92
0024_00486.jpg,3103,1504,3158,1555,0.09
0035_00139.jpg,1478,738,1632,860,0.91
0038_00323.jpg,2769,1939,2805,1990,0.06
0038_00323.jpg,3223,2099,3269,2154,0.12
0038_00323.jpg,2858,1214,2954,1264,0.87
0024_00001.jpg,3484,2070,3584,2132,0.07
0035_00327.jpg,747,1710,898,1832,0.91
0035_00235.jpg,2083,290,2150,361,0.56
0035_00235.jpg,1041,1287,1190,1410,0.91
0038_00361.jpg,2775,1947,2810,1998,0.32
0038_00361.jpg,2865,1215,2960,1269,0.88
0019_00122.jpg,3562,1004,3654,1076,0.80
0035_00275.jpg,1909,522,1988,594,0.43
0035_00275.jpg,875,1511,1030,1637,0.92
0038_00260.jpg,3248,1812,3292,1859,0.66
0038_00260.jpg,2878,912,2974,964,0.83
0024_00282.jpg,3220,1211,3264,1250,0.18
0038_00255.jpg,3246,1760,3291,1807,0.38
0038_00255.jpg,2879,861,2971,912,0.80
0038_00396.jpg,2863,1504,2960,1554,0.89
0035_00279.jpg,1915,514,1993,596,0.27
0035_00279.jpg,876,1507,1032,1632,0.92
0034_00120.jpg,3660,1587,3806,1701,0.89
0034_00140.jpg,3488,1860,3637,1974,0.86
0035_00198.jpg,3761,861,3839,946,0.14
0035_00198.jpg,1279,955,1429,1076,0.91
0034_00077.jpg,3703,1457,3840,1575,0.87
0038_00445.jpg,2848,1672,2946,1723,0.88
0035_00375.jpg,2192,8,2266,118,0.10
0035_00375.jpg,21,368,368,648,0.26
0035_00375.jpg,1311,0,1439,115,0.40
0035_00375.jpg,1026,304,1094,367,0.72
0035_00375.jpg,529,2053,678,2160,0.91
0038_00508.jpg,2855,2053,2951,2106,0.84
0038_00349.jpg,3225,2079,3269,2136,0.46
0038_00349.jpg,2861,1190,2957,1242,0.88
0038_00498.jpg,2861,1961,2955,2011,0.86
0035_00171.jpg,2293,6,2387,97,0.09
0035_00171.jpg,1278,992,1428,1110,0.91
0035_00162.jpg,1300,965,1455,1085,0.92
0038_00294.jpg,3234,2089,3276,2143,0.07
0038_00294.jpg,2866,1200,2964,1251,0.88
0035_00263.jpg,1910,529,1982,599,0.06
0035_00263.jpg,876,1517,1029,1642,0.92
0034_00117.jpg,3672,1553,3824,1664,0.85
0035_00370.jpg,2168,12,2239,120,0.06
0035_00370.jpg,1312,0,1431,119,0.44
0035_00370.jpg,1013,308,1084,375,0.75
0035_00370.jpg,520,2063,666,2160,0.89
0034_00179.jpg,3326,2037,3471,2154,0.84
0035_00236.jpg,2067,303,2138,382,0.46
0035_00236.jpg,1035,1305,1183,1423,0.86
0034_00027.jpg,3687,1504,3840,1616,0.89
0024_00408.jpg,3199,1304,3250,1351,0.34
0038_00390.jpg,2865,1447,2961,1499,0.87
0019_00324.jpg,3394,855,3481,931,0.74
0035_00211.jpg,2268,3,2360,103,0.05
0035_00211.jpg,1236,1006,1390,1128,0.91
0035_00385.jpg,27,358,395,639,0.12
0035_00385.jpg,1326,0,1447,105,0.22
0035_00385.jpg,1046,290,1116,354,0.76
0035_00385.jpg,543,2034,699,2160,0.90
0035_00060.jpg,1759,339,1918,460,0.90
0024_00414.jpg,3175,1321,3238,1377,0.50
0034_00040.jpg,3687,1488,3840,1607,0.90
0038_00267.jpg,3247,1881,3292,1930,0.76
0038_00267.jpg,2880,984,2974,1034,0.87
0019_00117.jpg,3567,1023,3665,1098,0.62
0034_00022.jpg,3702,1493,3840,1607,0.88
0035_00087.jpg,1663,463,1814,582,0.92
0035_00204.jpg,1264,969,1418,1089,0.88
0024_00142.jpg,3325,1508,3391,1558,0.53
0038_00290.jpg,3237,2070,3281,2124,0.10
0038_00290.jpg,2782,1908,2816,1957,0.14
0038_00290.jpg,2870,1180,2966,1231,0.87
0024_00266.jpg,3188,1185,3236,1227,0.21
0035_00173.jpg,2290,6,2384,96,0.10
0035_00173.jpg,1275,990,1427,1109,0.92
0024_00445.jpg,3120,1464,3184,1521,0.71
0019_00517.jpg,3302,1327,3396,1437,0.81
0006_00027.jpg,3648,162,3778,330,0.89
0024_00121.jpg,3388,1566,3441,1614,0.42
0034_00076.jpg,3702,1457,3840,1576,0.88
0024_00483.jpg,3102,1505,3157,1555,0.05
0034_00095.jpg,3713,1450,3840,1567,0.88
0038_00497.jpg,2862,1950,2956,2001,0.85
0038_00264.jpg,3247,1851,3291,1899,0.64
0038_00264.jpg,2880,952,2971,1005,0.85
0038_00452.jpg,2851,1667,2948,1716,0.86
0024_00127.jpg,3373,1543,3437,1590,0.14
0035_00116.jpg,1662,490,1811,606,0.90
0035_00058.jpg,1776,317,1933,436,0.88
0035_00228.jpg,2138,196,2210,277,0.44
0035_00228.jpg,1102,1201,1253,1323,0.90
0038_00420.jpg,2855,1668,2950,1717,0.87
0024_00035.jpg,385,317,414,339,0.19
0024_00035.jpg,3431,1941,3515,1998,0.63
0024_00011.jpg,3487,2017,3576,2070,0.61
0034_00085.jpg,3705,1453,3840,1571,0.88
0035_00317.jpg,1870,582,1943,643,0.07
0035_00317.jpg,825,1582,980,1708,0.91
0034_00174.jpg,3325,2046,3468,2157,0.79
0024_00122.jpg,3385,1561,3437,1612,0.26
0034_00187.jpg,3332,2027,3473,2140,0.84
0035_00064.jpg,1734,378,1886,499,0.90
0034_00158.jpg,3356,2026,3504,2147,0.67
0034_00058.jpg,3694,1470,3840,1586,0.90
0038_00441.jpg,2848,1679,2945,1727,0.87
0024_00589.jpg,3041,1830,3108,1899,0.79
0034_00094.jpg,3712,1451,3840,1567,0.88
0038_00474.jpg,2861,1737,2954,1789,0.87
0038_00152.jpg,2910,474,3000,526,0.88
0024_00047.jpg,3393,1926,3476,1982,0.74
0034_00050.jpg,3692,1476,3840,1592,0.90
0035_00079.jpg,1665,462,1819,582,0.92
0035_00093.jpg,1670,451,1826,570,0.92
0034_00123.jpg,3641,1629,3784,1737,0.89
0038_00316.jpg,2771,1948,2806,1998,0.09
0038_00316.jpg,2858,1222,2952,1273,0.87
0035_00174.jpg,2290,5,2386,94,0.10
0035_00174.jpg,1275,988,1426,1108,0.92
0019_00090.jpg,3661,1048,3761,1123,0.80
0035_00071.jpg,1691,429,1847,551,0.92
0038_00322.jpg,3223,2100,3269,2154,0.09
0038_00322.jpg,2858,1214,2954,1266,0.88
0034_00124.jpg,3636,1644,3777,1754,0.87
0038_00460.jpg,2856,1675,2949,1725,0.88
0024_00044.jpg,3405,1931,3488,1986,0.46
0035_00272.jpg,1913,527,1980,599,0.25
0035_00272.jpg,874,1517,1026,1641,0.92
0024_00021.jpg,3470,1973,3564,2033,0.43
0034_00090.jpg,3709,1452,3840,1567,0.89
0024_00398.jpg,3224,1271,3291,1324,0.23
0038_00168.jpg,3277,1533,3319,1571,0.29
0038_00168.jpg,2912,629,2996,680,0.86
0035_00155.jpg,1339,919,1494,1040,0.90
0038_00416.jpg,2857,1652,2953,1703,0.88
0035_00267.jpg,1915,531,1977,600,0.18
0035_00267.jpg,871,1521,1024,1645,0.91
0024_00313.jpg,21,487,43,517,0.07
0024_00313.jpg,3336,1272,3396,1311,0.08
0034_00078.jpg,3704,1456,3840,1575,0.87
0038_00418.jpg,2854,1661,2950,1712,0.87
0035_00157.jpg,1332,935,1479,1056,0.90
0024_00003.jpg,3491,2057,3576,2110,0.18
0035_00094.jpg,1671,451,1827,569,0.92
0035_00266.jpg,1915,532,1978,600,0.25
0035_00266.jpg,871,1521,1023,1645,0.92
0034_00161.jpg,3344,2041,3483,2156,0.82
0024_00220.jpg,3258,1264,3312,1298,0.25
0038_00435.jpg,2849,1687,2946,1734,0.86
0034_00201.jpg,3346,2012,3485,2123,0.85
0034_00115.jpg,3682,1536,3836,1648,0.87
0034_00170.jpg,3324,2052,3465,2157,0.84
0034_00087.jpg,3707,1452,3840,1568,0.88
0038_00431.jpg,2850,1689,2947,1738,0.86
0038_00352.jpg,3226,2084,3271,2139,0.23
0038_00352.jpg,2860,1192,2959,1244,0.89
0034_00189.jpg,3331,2023,3473,2135,0.81
0035_00265.jpg,1913,531,1980,599,0.19
0035_00265.jpg,871,1521,1025,1644,0.92
0024_00160.jpg,3266,1495,3326,1545,0.50
0035_00191.jpg,1281,960,1434,1081,0.91
0035_00070.jpg,1693,424,1852,545,0.93
0038_00336.jpg,3223,2083,3266,2141,0.22
0038_00336.jpg,2857,1198,2951,1248,0.88
0024_00438.jpg,3129,1442,3197,1497,0.24
0038_00399.jpg,2860,1530,2958,1581,0.88
0035_00097.jpg,1675,450,1831,569,0.91
0035_00280.jpg,1919,514,1994,593,0.30
0035_00280.jpg,880,1506,1033,1630,0.92
0038_00400.jpg,2861,1540,2958,1590,0.87
0038_00461.jpg,2855,1678,2949,1727,0.87
0038_00360.jpg,2774,1944,2810,1994,0.11
0038_00360.jpg,2864,1214,2962,1265,0.88
0024_00296.jpg,3265,1236,3315,1279,0.54
0034_00072.jpg,3698,1459,3840,1575,0.88
0024_00320.jpg,6,507,32,540,0.15
0024_00320.jpg,3357,1279,3409,1324,0.26
0035_00202.jpg,1265,963,1424,1083,0.90
0024_00017.jpg,478,296,506,322,0.12
0024_00017.jpg,3479,1989,3565,2048,0.66
0038_00334.jpg,3222,2086,3266,2142,0.17
0038_00334.jpg,2856,1200,2952,1251,0.88
0019_00620.jpg,3433,1740,3542,1861,0.87
0034_00068.jpg,3697,1462,3840,1581,0.89
0038_00314.jpg,2857,1225,2952,1276,0.87
0019_00536.jpg,3310,1452,3409,1568,0.82
0038_00325.jpg,3223,2095,3269,2152,0.05
0038_00325.jpg,2859,1211,2953,1261,0.87
0034_00203.jpg,3347,2010,3488,2122,0.85
0038_00366.jpg,2776,1969,2810,2021,0.13
0038_00366.jpg,2867,1238,2963,1290,0.88
0024_00031.jpg,3448,1946,3527,2001,0.69
0035_00234.jpg,2088,272,2156,355,0.58
0035_00234.jpg,1048,1276,1201,1398,0.91
0019_00579.jpg,3371,1489,3473,1604,0.84
0035_00289.jpg,1929,499,1997,574,0.13
0035_00289.jpg,892,1496,1041,1618,0.89
0024_00446.jpg,3120,1467,3177,1525,0.59
0034_00084.jpg,3705,1454,3840,1573,0.87
0038_00386.jpg,2867,1407,2961,1460,0.89
0035_00180.jpg,1276,981,1428,1101,0.91
0035_00182.jpg,1280,978,1429,1098,0.91
0035_00170.jpg,2293,6,2386,95,0.06
0035_00170.jpg,1280,992,1431,1109,0.92
0035_00130.jpg,1562,630,1714,746,0.88
0034_00021.jpg,3707,1489,3840,1609,0.88
0024_00086.jpg,3350,1756,3414,1802,0.17
0038_00372.jpg,2776,2011,2812,2063,0.10
0038_00372.jpg,2867,1277,2962,1330,0.88
0024_00101.jpg,3377,1669,3456,1723,0.35
0035_00285.jpg,1924,508,1999,584,0.12
0035_00285.jpg,888,1504,1038,1625,0.88
0034_00200.jpg,3342,2010,3486,2127,0.86
0038_00292.jpg,2780,1919,2815,1965,0.10
0038_00292.jpg,2868,1189,2965,1242,0.88
0035_00140.jpg,1471,752,1620,869,0.90
0024_00083.jpg,3344,1766,3415,1819,0.70
0024_00038.jpg,3423,1936,3507,1994,0.59
0035_00074.jpg,1678,447,1834,568,0.91
0034_00110.jpg,3699,1498,3840,1614,0.88
0035_00131.jpg,1551,640,1705,759,0.89
0024_00400.jpg,3221,1272,3284,1327,0.69
0038_00469.jpg,2859,1707,2954,1759,0.87
0035_00061.jpg,1755,350,1908,471,0.90
0024_00345.jpg,3410,1311,3464,1357,0.34
0024_00576.jpg,3028,1831,3090,1900,0.74
0024_00009.jpg,506,285,531,310,0.09
0024_00009.jpg,3487,2022,3582,2081,0.58
0038_00276.jpg,3244,1962,3289,2016,0.64
0038_00276.jpg,2879,1068,2974,1118,0.88
0019_00594.jpg,3396,1530,3496,1643,0.82
0038_00434.jpg,2849,1688,2946,1735,0.86
0035_00216.jpg,2232,20,2321,138,0.06
0035_00216.jpg,1206,1048,1359,1170,0.91
0038_00268.jpg,3246,1892,3292,1938,0.75
0038_00268.jpg,2880,992,2975,1044,0.86
0019_00111.jpg,3590,1037,3681,1115,0.70
0038_00427.jpg,2850,1684,2945,1733,0.87
0035_00165.jpg,1292,979,1445,1098,0.91
0034_00183.jpg,3326,2032,3473,2149,0.84
0034_00013.jpg,3747,1440,3840,1548,0.84
0034_00164.jpg,3332,2050,3470,2157,0.67
0034_00191.jpg,3337,2022,3483,2142,0.82
0034_00208.jpg,3351,2006,3504,2123,0.85
0034_00133.jpg,3550,1760,3698,1877,0.89
0034_00039.jpg,3686,1489,3840,1608,0.90
0035_00129.jpg,1572,614,1724,734,0.91
0035_00243.jpg,2011,397,2081,465,0.18
0035_00243.jpg,972,1384,1124,1508,0.92
0019_00406.jpg,3313,978,3400,1061,0.69
0035_00205.jpg,1260,971,1415,1092,0.91
0038_00370.jpg,2776,1996,2812,2047,0.43
0038_00370.jpg,2867,1263,2964,1316,0.89
0035_00193.jpg,1282,957,1434,1078,0.91
0024_00099.jpg,3378,1679,3445,1733,0.23
0019_00097.jpg,3639,1045,3731,1126,0.68
0034_00145.jpg,3466,1926,3588,2031,0.86
0024_00417.jpg,3172,1346,3224,1393,0.06
0038_00162.jpg,3278,1477,3324,1515,0.11
0038_00162.jpg,2915,571,2998,623,0.87
0034_00127.jpg,3606,1677,3752,1798,0.88
0024_00456.jpg,3105,1498,3160,1553,0.65
0035_00059.jpg,1770,326,1924,448,0.91
0034_00121.jpg,3655,1600,3797,1710,0.89
0038_00335.jpg,3221,2085,3266,2142,0.16
0038_00335.jpg,2857,1199,2952,1250,0.88
0038_00311.jpg,2860,1227,2951,1279,0.87
0035_00115.jpg,1663,484,1818,604,0.91
0024_00102.jpg,3378,1667,3451,1716,0.44
0024_00168.jpg,3238,1475,3301,1524,0.63
0034_00171.jpg,3324,2051,3466,2157,0.81
0038_00151.jpg,3280,1369,3328,1407,0.55
0038_00151.jpg,2909,465,2999,515,0.86
0034_00182.jpg,3326,2033,3469,2149,0.86
0034_00098.jpg,3715,1451,3840,1567,0.87
0024_00222.jpg,3260,1255,3302,1291,0.30
0034_00126.jpg,3613,1666,3758,1781,0.88
0034_00137.jpg,3516,1821,3661,1933,0.89
0006_00160.jpg,3656,846,3762,957,0.79
0035_00249.jpg,1971,453,2038,524,0.51
0035_00249.jpg,932,1447,1084,1570,0.88
0035_00307.jpg,1923,508,1989,585,0.39
0035_00307.jpg,873,1510,1027,1637,0.92
0038_00394.jpg,2864,1485,2961,1537,0.88
0035_00222.jpg,2192,115,2265,201,0.61
0035_00222.jpg,1157,1120,1309,1242,0.90
0034_00053.jpg,3693,1473,3840,1589,0.90
0035_00156.jpg,1333,927,1488,1047,0.91
0038_00261.jpg,3247,1820,3293,1869,0.50
0038_00261.jpg,2879,922,2975,973,0.88
0024_00139.jpg,3335,1512,3397,1560,0.38
0034_00025.jpg,3694,1502,3840,1618,0.89
0038_00374.jpg,2868,1293,2963,1345,0.89
0038_00442.jpg,2847,1677,2946,1725,0.87
0038_00473.jpg,2858,1728,2953,1782,0.87
0038_00313.jpg,2773,1952,2807,2001,0.06
0038_00313.jpg,2859,1226,2952,1277,0.87
0035_00132.jpg,1545,652,1695,772,0.90
0038_00478.jpg,2858,1766,2955,1820,0.88
0038_00432.jpg,2850,1689,2948,1738,0.86
0035_00335.jpg,678,1812,827,1936,0.91
0035_00312.jpg,1900,540,1968,603,0.19
0035_00312.jpg,857,1544,1010,1667,0.91
0035_00326.jpg,1804,690,1870,754,0.06
0035_00326.jpg,759,1695,907,1819,0.91
0035_00069.jpg,1699,417,1856,539,0.93
0024_00050.jpg,311,336,335,358,0.08
0024_00050.jpg,3384,1915,3456,1972,0.67
0038_00468.jpg,2858,1703,2953,1755,0.87
0038_00073.jpg,3268,1119,3313,1155,0.74
0038_00073.jpg,2892,224,2988,275,0.86
0038_00477.jpg,2860,1757,2953,1811,0.87
0034_00014.jpg,3742,1449,3840,1553,0.86
0035_00192.jpg,3758,850,3839,962,0.25
0035_00192.jpg,1281,959,1433,1079,0.91
0024_00305.jpg,3312,1257,3356,1299,0.32
0035_00223.jpg,2183,129,2257,215,0.70
0035_00223.jpg,1147,1133,1299,1256,0.91
0024_00432.jpg,3143,1411,3199,1457,0.11
0038_00511.jpg,2854,2079,2952,2131,0.81
0024_00283.jpg,3219,1212,3268,1254,0.29
0035_00195.jpg,1281,955,1432,1075,0.91
0024_00088.jpg,3353,1741,3428,1795,0.23
0035_00371.jpg,1544,1064,1619,1124,0.10
0035_00371.jpg,1313,0,1431,119,0.45
0035_00371.jpg,1017,308,1085,377,0.74
0035_00371.jpg,523,2062,669,2160,0.88
0035_00252.jpg,1955,479,2022,548,0.19
0035_00252.jpg,918,1469,1066,1593,0.91
0034_00047.jpg,3689,1479,3840,1592,0.90
0035_00207.jpg,1256,982,1408,1103,0.91
0035_00142.jpg,1450,773,1603,893,0.90
0034_00089.jpg,3708,1452,3840,1568,0.89
0038_00419.jpg,2855,1665,2950,1715,0.86
0019_00582.jpg,3377,1493,3481,1607,0.85
0038_00375.jpg,2775,2036,2811,2088,0.12
0038_00375.jpg,2867,1303,2963,1354,0.87
0034_00020.jpg,3711,1485,3840,1597,0.88
0019_00519.jpg,3302,1339,3398,1453,0.85
0038_00269.jpg,3246,1899,3290,1948,0.72
0038_00269.jpg,2880,1002,2973,1054,0.84
0034_00204.jpg,3348,2008,3494,2125,0.85
0008_00321.jpg,1869,963,1941,1073,0.86
0038_00398.jpg,2862,1523,2959,1573,0.87
0034_00165.jpg,3329,2051,3470,2157,0.81
0034_00081.jpg,3704,1455,3840,1576,0.86
0035_00099.jpg,1679,447,1833,567,0.91
0038_00459.jpg,2855,1672,2949,1723,0.88
0034_00091.jpg,3710,1451,3840,1566,0.89
0035_00342.jpg,1127,126,1193,200,0.45
0035_00342.jpg,615,1899,768,2024,0.91
0035_00325.jpg,1812,675,1879,741,0.06
0035_00325.jpg,766,1683,919,1807,0.91
0035_00152.jpg,1360,889,1514,1011,0.92
0024_00233.jpg,3253,1216,3301,1251,0.40
0038_00304.jpg,2774,1951,2810,2001,0.14
0038_00304.jpg,2862,1226,2958,1276,0.86
0035_00199.jpg,3758,853,3839,963,0.16
0035_00199.jpg,1278,958,1429,1077,0.91
0038_00161.jpg,3277,1465,3325,1503,0.55
0038_00161.jpg,2913,563,2998,614,0.85
0035_00270.jpg,1910,527,1979,597,0.20
0035_00270.jpg,873,1518,1025,1642,0.92
0035_00136.jpg,1504,701,1659,821,0.91
0035_00365.jpg,8,352,347,642,0.15
0035_00365.jpg,1308,0,1427,115,0.34
0035_00365.jpg,1012,304,1084,368,0.72
0035_00365.jpg,517,2063,663,2160,0.89
0034_00177.jpg,3326,2039,3468,2156,0.86
0019_00330.jpg,3381,884,3461,961,0.78
0038_00451.jpg,2851,1667,2948,1716,0.86
0038_00167.jpg,3276,1524,3321,1562,0.24
0038_00167.jpg,2913,619,2996,671,0.88
0034_00100.jpg,3715,1453,3840,1567,0.87
0038_00457.jpg,2854,1669,2949,1718,0.87
0035_00208.jpg,1250,988,1405,1109,0.90
0024_00489.jpg,3102,1508,3157,1557,0.08
0035_00260.jpg,1915,518,1991,596,0.31
0035_00260.jpg,878,1509,1035,1634,0.92
0024_00350.jpg,3410,1311,3466,1356,0.64
0035_00332.jpg,707,1774,854,1897,0.90
0034_00088.jpg,3707,1452,3840,1568,0.89
0034_00097.jpg,3714,1451,3840,1567,0.88
0038_00382.jpg,2867,1370,2962,1421,0.88
0034_00008.jpg,3782,1398,3840,1504,0.69
0006_00072.jpg,3649,261,3776,426,0.88
0034_00141.jpg,3477,1878,3622,1984,0.87
0035_00268.jpg,1913,529,1977,599,0.27
0035_00268.jpg,870,1520,1024,1644,0.91
0035_00134.jpg,1526,677,1679,799,0.90
0035_00161.jpg,1308,959,1459,1080,0.92
0038_00049.jpg,3264,1141,3307,1176,0.74
0038_00049.jpg,2885,247,2975,296,0.86
0024_00091.jpg,3363,1723,3423,1773,0.67
0024_00269.jpg,3188,1190,3240,1229,0.51
0038_00094.jpg,3271,1118,3315,1154,0.73
0038_00094.jpg,2894,220,2987,270,0.86
0024_00040.jpg,3417,1935,3498,1992,0.66
0035_00172.jpg,2292,5,2389,97,0.09
0035_00172.jpg,1277,992,1427,1110,0.91
0019_00537.jpg,3311,1455,3411,1565,0.81
0034_00060.jpg,1592,1030,1635,1076,0.06
0034_00060.jpg,3694,1468,3840,1583,0.90
0034_00130.jpg,3576,1720,3723,1836,0.89
0035_00363.jpg,2175,5,2259,114,0.08
0035_00363.jpg,1539,1064,1621,1122,0.11
0035_00363.jpg,8,352,349,637,0.27
0035_00363.jpg,1310,0,1422,107,0.50
0035_00363.jpg,1014,299,1083,363,0.73
0035_00363.jpg,517,2059,664,2160,0.90
0038_00423.jpg,2853,1678,2947,1727,0.87
0034_00153.jpg,3395,2000,3543,2117,0.83
0024_00034.jpg,3437,1944,3518,1997,0.66
0034_00107.jpg,3708,1474,3840,1592,0.88
0024_00069.jpg,3342,1844,3408,1894,0.26
0024_00069.jpg,230,353,262,378,0.29
0038_00295.jpg,2868,1203,2965,1255,0.88
0034_00136.jpg,3526,1804,3671,1923,0.90
0038_00439.jpg,2848,1682,2946,1730,0.86
0035_00313.jpg,1900,546,1965,611,0.43
0035_00313.jpg,850,1551,1000,1673,0.91
0019_00434.jpg,3295,1128,3382,1217,0.85
0024_00104.jpg,3381,1656,3441,1708,0.50
0024_00092.jpg,3363,1718,3426,1767,0.64
0038_00302.jpg,2775,1949,2810,1997,0.19
0038_00302.jpg,2864,1223,2957,1273,0.87
0034_00163.jpg,3337,2048,3475,2156,0.77
0038_00293.jpg,3235,2086,3278,2141,0.08
0038_00293.jpg,2868,1194,2964,1246,0.89
0035_00045.jpg,1907,159,2057,284,0.89
0038_00312.jpg,2772,1953,2807,2002,0.06
0038_00312.jpg,2859,1226,2954,1278,0.87
0024_00090.jpg,3362,1732,3417,1782,0.58
0024_00185.jpg,3216,1419,3267,1466,0.13
0034_00146.jpg,3454,1938,3577,2042,0.86
0035_00241.jpg,2025,366,2096,445,0.27
0035_00241.jpg,991,1363,1140,1488,0.91
0035_00109.jpg,1682,454,1835,574,0.91
0034_00062.jpg,3695,1466,3840,1581,0.90
0034_00209.jpg,3351,2003,3503,2121,0.85
0034_00054.jpg,3694,1472,3840,1587,0.90
0034_00083.jpg,3705,1454,3840,1572,0.87
0034_00166.jpg,3328,2050,3464,2157,0.79
0038_00275.jpg,3243,1954,3288,2006,0.75
0038_00275.jpg,2879,1057,2972,1109,0.84
0035_00264.jpg,1912,530,1980,600,0.18
0035_00264.jpg,873,1519,1027,1642,0.93
0024_00416.jpg,3170,1339,3228,1388,0.11
0038_00463.jpg,2855,1683,2952,1732,0.87
0038_00333.jpg,3222,2087,3265,2142,0.12
0038_00333.jpg,2856,1201,2952,1252,0.87
0024_00054.jpg,285,341,312,367,0.09
0024_00054.jpg,3368,1896,3447,1961,0.70
0034_00103.jpg,3713,1460,3840,1581,0.86
0035_00068.jpg,1708,413,1860,533,0.91
0034_00125.jpg,3626,1655,3762,1762,0.86
0035_00138.jpg,1485,728,1640,848,0.88
0034_00167.jpg,3325,2051,3462,2157,0.79
0035_00067.jpg,1714,405,1868,527,0.91
0019_00409.jpg,3308,993,3397,1075,0.54
0035_00248.jpg,1979,448,2041,511,0.33
0035_00248.jpg,942,1441,1089,1560,0.90
0035_00113.jpg,1671,470,1824,592,0.92
0035_00088.jpg,1664,462,1816,581,0.91
0038_00359.jpg,2774,1940,2810,1990,0.20
0038_00359.jpg,2865,1211,2962,1261,0.87
0038_00338.jpg,3222,2082,3266,2140,0.22
0038_00338.jpg,2857,1195,2952,1246,0.89
0038_00466.jpg,2858,1697,2954,1746,0.87
0034_00114.jpg,3684,1525,3839,1640,0.88
0024_00299.jpg,3275,1242,3332,1285,0.43
0019_00394.jpg,3321,932,3404,1008,0.79
0019_00568.jpg,3357,1486,3451,1594,0.86
0035_00369.jpg,9,370,349,642,0.07
0035_00369.jpg,1311,0,1432,120,0.48
0035_00369.jpg,1013,310,1085,375,0.74
0035_00369.jpg,519,2064,664,2160,0.89
0024_00026.jpg,432,300,463,329,0.05
0024_00026.jpg,3464,1955,3547,2012,0.56
0034_00031.jpg,3683,1499,3837,1612,0.89
0034_00113.jpg,3688,1517,3840,1636,0.90
0038_00332.jpg,3223,2087,3265,2143,0.16
0038_00332.jpg,2857,1202,2953,1254,0.87
0024_00074.jpg,3338,1821,3408,1870,0.53
0034_00056.jpg,3694,1471,3840,1587,0.90
0034_00108.jpg,3706,1483,3840,1601,0.88
0034_00109.jpg,3702,1490,3840,1609,0.88
0034_00024.jpg,3696,1499,3840,1615,0.88
0019_00162.jpg,3546,799,3632,871,0.74
0034_00067.jpg,3696,1462,3840,1583,0.90
0038_00470.jpg,2861,1713,2952,1764,0.86
0034_00012.jpg,3754,1433,3840,1545,0.82
0035_00231.jpg,2112,234,2184,315,0.49
0035_00231.jpg,1070,1236,1227,1359,0.93
0024_00401.jpg,3218,1280,3271,1328,0.62
0038_00449.jpg,2851,1668,2948,1717,0.86
0038_00163.jpg,3278,1484,3323,1525,0.21
0038_00163.jpg,2912,581,2999,633,0.85
0038_00512.jpg,2855,2089,2951,2139,0.70
0024_00447.jpg,3119,1472,3171,1526,0.51
0035_00112.jpg,1673,465,1826,586,0.91
0024_00450.jpg,3118,1485,3170,1541,0.13
0035_00247.jpg,1991,438,2052,502,0.23
0035_00247.jpg,946,1428,1095,1551,0.92
0034_00104.jpg,3712,1463,3840,1581,0.87
0034_00093.jpg,3712,1451,3840,1566,0.89
0035_00110.jpg,1677,457,1832,578,0.91
0024_00429.jpg,3814,0,3840,70,0.07
0024_00429.jpg,3148,1399,3203,1447,0.65
0035_00063.jpg,1739,369,1895,489,0.92
0038_00422.jpg,2855,1674,2948,1725,0.88
0038_00462.jpg,2855,1680,2951,1730,0.87
0038_00309.jpg,2860,1229,2952,1281,0.86
0035_00154.jpg,1350,909,1500,1028,0.89
0024_00272.jpg,3191,1191,3246,1233,0.30
0038_00475.jpg,2859,1742,2954,1797,0.88
0024_00023.jpg,3469,1966,3554,2025,0.56
0035_00179.jpg,1277,985,1428,1104,0.91
0035_00206.jpg,1258,975,1412,1098,0.91
0024_00242.jpg,3233,1192,3294,1233,0.21
0024_00068.jpg,3343,1850,3415,1900,0.54
0024_00029.jpg,3457,1948,3532,2004,0.59
0019_00101.jpg,3625,1048,3718,1120,0.84
0035_00153.jpg,1355,900,1508,1019,0.92
0019_00578.jpg,3371,1488,3472,1605,0.84
0035_00284.jpg,1926,510,1997,585,0.13
0035_00284.jpg,884,1503,1038,1625,0.88
0038_00373.jpg,2778,2017,2811,2069,0.09
0038_00373.jpg,2867,1285,2962,1337,0.88
0035_00364.jpg,1309,0,1426,111,0.19
0035_00364.jpg,7,357,347,644,0.43
0035_00364.jpg,1011,298,1081,362,0.76
0035_00364.jpg,517,2062,663,2160,0.89
0035_00330.jpg,723,1746,873,1872,0.91
0038_00341.jpg,3223,2082,3268,2140,0.31
0038_00341.jpg,2858,1192,2952,1245,0.89
0034_00184.jpg,3328,2032,3470,2150,0.81
0035_00085.jpg,1661,464,1812,584,0.92
0035_00232.jpg,2103,248,2174,328,0.57
0035_00232.jpg,1064,1249,1216,1372,0.91
0035_00114.jpg,1669,476,1822,597,0.91
0035_00105.jpg,1685,445,1838,566,0.91
0024_00332.jpg,1,557,21,622,0.06
0024_00487.jpg,3102,1505,3158,1556,0.13
0034_00080.jpg,3704,1455,3840,1579,0.86
0038_00052.jpg,3265,1135,3307,1173,0.74
0038_00052.jpg,2886,243,2978,293,0.85
0024_00304.jpg,3306,1259,3346,1294,0.23
0035_00273.jpg,1915,527,1983,597,0.22
0035_00273.jpg,872,1515,1027,1639,0.92
0035_00072.jpg,1688,436,1842,557,0.91
0038_00380.jpg,2867,1349,2962,1401,0.87
0035_00084.jpg,1660,466,1812,585,0.92
0034_00029.jpg,3685,1502,3840,1613,0.90
0019_00580.jpg,3373,1490,3474,1604,0.85
0034_00075.jpg,3701,1457,3840,1576,0.88
0034_00157.jpg,3365,2024,3517,2143,0.78
0038_00296.jpg,2867,1207,2964,1258,0.87
0035_00250.jpg,1967,461,2033,533,0.57
0035_00250.jpg,924,1454,1076,1577,0.91
0019_00530.jpg,3305,1419,3402,1530,0.79
0035_00183.jpg,1280,976,1430,1097,0.91
0035_00304.jpg,1922,499,1995,577,0.22
0035_00304.jpg,881,1503,1034,1624,0.87
0019_00325.jpg,3392,861,3477,935,0.71
0024_00323.jpg,3,519,31,552,0.34
0024_00323.jpg,3363,1283,3412,1326,0.43
0038_00425.jpg,2851,1680,2946,1730,0.87
0038_00455.jpg,2853,1667,2949,1717,0.87
0038_00377.jpg,2867,1321,2962,1372,0.88
0038_00363.jpg,2777,1954,2810,2006,0.07
0038_00363.jpg,2866,1226,2961,1276,0.87
0034_00207.jpg,3351,2006,3504,2125,0.84
0034_00154.jpg,3388,2004,3519,2119,0.83
0024_00010.jpg,504,286,529,311,0.06
0024_00010.jpg,3488,2017,3582,2076,0.55
0035_00226.jpg,2158,171,2230,257,0.71
0035_00226.jpg,1116,1170,1270,1295,0.91
0035_00277.jpg,1919,518,1990,595,0.41
0035_00277.jpg,875,1510,1031,1635,0.92
0038_00450.jpg,2851,1668,2949,1716,0.86
0035_00318.jpg,1871,586,1937,653,0.22
0035_00318.jpg,822,1594,972,1717,0.91
0035_00040.jpg,1958,103,2109,226,0.81
0035_00259.jpg,1917,517,1994,592,0.28
0035_00259.jpg,883,1507,1037,1631,0.92
0019_00400.jpg,3310,952,3405,1026,0.60
0035_00100.jpg,1681,445,1835,565,0.91
0035_00336.jpg,1176,52,1248,140,0.17
0035_00336.jpg,672,1827,822,1950,0.91
0035_00077.jpg,1669,457,1825,579,0.91
0038_00308.jpg,2860,1229,2952,1281,0.86
0034_00052.jpg,3692,1474,3840,1590,0.90
0038_00447.jpg,2850,1671,2947,1720,0.87
0035_00373.jpg,1311,0,1434,117,0.31
0035_00373.jpg,1022,307,1087,375,0.72
0035_00373.jpg,520,2056,673,2160,0.90
0034_00190.jpg,3334,2025,3481,2144,0.81
0034_00143.jpg,3479,1907,3609,2011,0.82
0035_00315.jpg,1891,559,1952,626,0.13
0035_00315.jpg,836,1566,991,1690,0.92
0024_00425.jpg,3158,1378,3207,1427,0.09
0024_00302.jpg,3290,1248,3344,1288,0.30
0034_00092.jpg,3711,1451,3840,1566,0.89
0034_00036.jpg,3683,1493,3838,1609,0.90
0034_00066.jpg,3695,1463,3840,1583,0.90
0035_00166.jpg,1286,982,1442,1102,0.91
0034_00175.jpg,3325,2044,3471,2157,0.84
0035_00329.jpg,1774,734,1843,790,0.06
0035_00329.jpg,729,1730,881,1858,0.91
0038_00424.jpg,2852,1679,2947,1729,0.87
0038_00344.jpg,3224,2078,3269,2137,0.29
0038_00344.jpg,2859,1191,2955,1243,0.88
0024_00087.jpg,3351,1747,3427,1798,0.22
0024_00441.jpg,3124,1454,3183,1510,0.54
0034_00169.jpg,3323,2051,3463,2157,0.85
0034_00033.jpg,3683,1498,3837,1612,0.89
0038_00347.jpg,3224,2079,3269,2134,0.35
0038_00347.jpg,2861,1190,2956,1242,0.88
0024_00085.jpg,3349,1755,3426,1807,0.75
0038_00351.jpg,3225,2082,3271,2139,0.31
0038_00351.jpg,2861,1192,2959,1243,0.89
0035_00306.jpg,1923,505,1992,576,0.51
0035_00306.jpg,876,1506,1027,1632,0.91
0035_00066.jpg,1716,399,1873,518,0.91
0038_00397.jpg,2862,1513,2959,1563,0.87
0038_00510.jpg,2855,2071,2953,2124,0.83
0019_00336.jpg,3364,910,3450,984,0.49
0024_00224.jpg,3260,1240,3323,1284,0.65
0038_00492.jpg,2861,1905,2959,1956,0.87
0038_00376.jpg,2866,1311,2963,1364,0.89
0024_00457.jpg,3100,1499,3161,1557,0.32
0035_00366.jpg,1538,1067,1616,1126,0.06
0035_00366.jpg,8,359,347,644,0.12
0035_00366.jpg,1310,0,1427,117,0.36
0035_00366.jpg,1011,304,1081,374,0.76
0035_00366.jpg,515,2066,663,2160,0.88
0024_00331.jpg,1,552,21,621,0.08
0024_00331.jpg,3388,1296,3445,1335,0.09
0035_00257.jpg,891,1503,1042,1623,0.90
0035_00080.jpg,1664,464,1817,585,0.91
0019_00367.jpg,3333,932,3410,1013,0.78
0035_00123.jpg,1621,543,1775,662,0.91
0024_00089.jpg,3358,1736,3423,1790,0.56
0024_00167.jpg,3240,1480,3303,1524,0.68
0008_00322.jpg,1868,954,1938,1061,0.87
0035_00282.jpg,1923,511,1995,592,0.15
0035_00282.jpg,883,1505,1036,1627,0.90
0035_00137.jpg,1499,713,1650,834,0.91
0038_00384.jpg,2866,1388,2962,1442,0.88
0034_00101.jpg,3715,1455,3840,1572,0.86
0035_00095.jpg,1672,451,1828,569,0.92
0038_00368.jpg,2775,1986,2811,2032,0.21
0038_00368.jpg,2868,1250,2964,1301,0.88
0035_00246.jpg,1989,424,2059,498,0.41
0035_00246.jpg,952,1419,1105,1542,0.91
0034_00180.jpg,3328,2035,3470,2154,0.84
0035_00118.jpg,1649,499,1804,621,0.92
0024_00310.jpg,3322,1268,3389,1315,0.22
0034_00028.jpg,3685,1504,3840,1615,0.89
0038_00421.jpg,2854,1671,2948,1722,0.88
0035_00117.jpg,1656,495,1809,616,0.89
0035_00186.jpg,1280,969,1432,1086,0.91
0034_00059.jpg,3695,1469,3840,1585,0.90
0035_00181.jpg,1278,978,1428,1099,0.91
0024_00303.jpg,3295,1254,3346,1293,0.31
0024_00110.jpg,3392,1622,3459,1670,0.66
0034_00051.jpg,3692,1475,3840,1592,0.90
0035_00187.jpg,1279,965,1433,1086,0.91
0038_00446.jpg,2849,1672,2946,1721,0.87
0034_00150.jpg,3419,1979,3554,2088,0.86
0024_00435.jpg,3134,1422,3197,1478,0.52
0034_00185.jpg,3329,2028,3470,2145,0.81
0024_00546.jpg,3038,1747,3107,1814,0.55
0024_00403.jpg,3216,1289,3266,1333,0.56
0035_00368.jpg,1538,1068,1612,1126,0.07
0035_00368.jpg,9,367,349,644,0.08
0035_00368.jpg,1310,0,1431,120,0.39
0035_00368.jpg,1014,312,1085,376,0.72
0035_00368.jpg,519,2066,664,2160,0.88
0038_00385.jpg,2865,1398,2962,1452,0.88
0035_00309.jpg,1913,519,1983,592,0.33
0035_00309.jpg,872,1525,1019,1648,0.91
0035_00240.jpg,2037,353,2108,430,0.39
0035_00240.jpg,998,1353,1152,1474,0.90
0024_00623.jpg,3819,753,3839,802,0.05
0024_00623.jpg,3029,1944,3096,2015,0.62
0024_00048.jpg,3390,1922,3475,1980,0.75
0038_00288.jpg,3238,2060,3281,2113,0.07
0038_00288.jpg,2781,1900,2818,1946,0.13
0038_00288.jpg,2870,1168,2968,1220,0.88
0038_00357.jpg,2864,1204,2960,1254,0.87
0006_00075.jpg,3653,276,3773,447,0.89
0024_00301.jpg,3287,1248,3346,1290,0.31
0035_00107.jpg,1684,448,1838,569,0.92
0024_00143.jpg,3323,1507,3384,1558,0.54
0034_00096.jpg,3713,1450,3840,1568,0.87
0038_00499.jpg,2859,1966,2955,2020,0.87
0038_00303.jpg,2775,1950,2810,2000,0.23
0038_00303.jpg,2862,1225,2958,1274,0.86
0034_00206.jpg,3347,2004,3501,2127,0.83
0024_00484.jpg,3102,1504,3157,1555,0.05
0034_00118.jpg,3668,1563,3813,1676,0.89
0038_00428.jpg,2850,1686,2945,1734,0.86
0024_00377.jpg,3316,1272,3372,1320,0.12
0024_00354.jpg,3407,1313,3462,1358,0.17
0038_00365.jpg,2775,1964,2811,2016,0.25
0038_00365.jpg,2867,1234,2961,1285,0.87
0035_00145.jpg,1427,813,1575,932,0.90
0024_00226.jpg,3261,1238,3314,1273,0.47
0038_00061.jpg,3266,1128,3310,1166,0.75
0038_00061.jpg,2890,232,2979,286,0.85
0035_00127.jpg,1591,588,1741,707,0.91
0024_00340.jpg,3407,1306,3460,1353,0.08
0035_00258.jpg,1920,510,1998,591,0.15
0035_00258.jpg,888,1504,1040,1626,0.90
0034_00134.jpg,3541,1776,3689,1891,0.88
0019_00564.jpg,3350,1482,3448,1595,0.85
0035_00372.jpg,1543,1066,1624,1124,0.07
0035_00372.jpg,1312,0,1434,117,0.33
0035_00372.jpg,1017,307,1085,375,0.73
0035_00372.jpg,520,2058,673,2160,0.89
0034_00018.jpg,3719,1473,3840,1584,0.88
0038_00509.jpg,2855,2063,2949,2114,0.83
0024_00039.jpg,3420,1936,3500,1994,0.72
0019_00581.jpg,3376,1493,3475,1605,0.86
0038_00438.jpg,2848,1684,2945,1732,0.86
0038_00310.jpg,2860,1228,2951,1280,0.86
0024_00046.jpg,3398,1927,3482,1984,0.65
0038_00489.jpg,2860,1876,2960,1926,0.87
0034_00186.jpg,3330,2027,3470,2141,0.83
0034_00162.jpg,3340,2043,3482,2157,0.77
0038_00093.jpg,3270,1118,3314,1154,0.73
0038_00093.jpg,2894,220,2987,270,0.86
0034_00061.jpg,3695,1468,3840,1581,0.90
0035_00175.jpg,2290,5,2387,95,0.07
0035_00175.jpg,1275,989,1427,1108,0.91
0035_00203.jpg,1264,965,1422,1085,0.90
0035_00091.jpg,1668,456,1820,577,0.91
0035_00062.jpg,1744,358,1901,482,0.91
0024_00107.jpg,3388,1635,3454,1686,0.47
0038_00436.jpg,2849,1686,2945,1733,0.86
0038_00154.jpg,3280,1400,3325,1438,0.13
0038_00154.jpg,2910,496,3001,547,0.86
0035_00367.jpg,9,367,346,645,0.10
0035_00367.jpg,1309,0,1428,118,0.40
0035_00367.jpg,1013,308,1082,375,0.75
0035_00367.jpg,520,2067,663,2160,0.88
0035_00073.jpg,1683,442,1837,561,0.91
0038_00444.jpg,2848,1674,2946,1724,0.88
0038_00484.jpg,2859,1822,2956,1875,0.87
0034_00160.jpg,3347,2037,3506,2154,0.68
0024_00005.jpg,3489,2046,3578,2102,0.09
0034_00055.jpg,3693,1471,3840,1587,0.90
0019_00326.jpg,3387,865,3475,942,0.61
0038_00358.jpg,2774,1937,2809,1984,0.14
0038_00358.jpg,2864,1208,2962,1258,0.87
0034_00188.jpg,3332,2026,3473,2145,0.82
0034_00086.jpg,3706,1453,3840,1570,0.88
0035_00141.jpg,1458,762,1613,881,0.92
0019_00329.jpg,3382,881,3463,958,0.77
0038_00364.jpg,2776,1960,2811,2009,0.11
0038_00364.jpg,2867,1229,2960,1280,0.87
0038_00158.jpg,3279,1437,3324,1476,0.19
0038_00158.jpg,2912,534,3001,585,0.86
0035_00200.jpg,3761,847,3840,949,0.05
0035_00200.jpg,1275,960,1428,1078,0.91
0035_00102.jpg,1681,444,1837,563,0.91
0038_00467.jpg,2858,1700,2953,1750,0.88
0038_00345.jpg,3224,2078,3269,2135,0.25
0038_00345.jpg,2860,1190,2955,1242,0.88
0034_00139.jpg,3495,1848,3645,1958,0.86
0024_00339.jpg,3408,1304,3460,1352,0.11
0034_00132.jpg,3559,1745,3704,1861,0.89
0024_00120.jpg,3390,1572,3458,1615,0.41
0035_00261.jpg,1910,522,1988,595,0.15
0035_00261.jpg,875,1510,1032,1637,0.93
0035_00096.jpg,1674,451,1829,570,0.91
0024_00341.jpg,3406,1307,3459,1355,0.10
0038_00324.jpg,3222,2097,3270,2152,0.08
0038_00324.jpg,2858,1212,2953,1262,0.87
0034_00011.jpg,3760,1424,3840,1542,0.78
0024_00062.jpg,3352,1876,3423,1927,0.66
0019_00412.jpg,3304,1006,3399,1101,0.74
0034_00010.jpg,3768,1414,3840,1536,0.78
0035_00197.jpg,3764,861,3838,945,0.06
0035_00197.jpg,1281,955,1430,1075,0.91
0024_00271.jpg,3189,1190,3242,1232,0.42
0024_00240.jpg,3238,1193,3299,1236,0.31
0034_00017.jpg,3724,1467,3840,1576,0.88
0035_00098.jpg,1676,448,1831,568,0.91
0034_00032.jpg,3683,1499,3837,1611,0.89
0038_00389.jpg,2866,1436,2961,1490,0.88
0035_00320.jpg,0,0,19,34,0.08
0035_00320.jpg,1856,612,1923,678,0.19
0035_00320.jpg,807,1616,960,1741,0.92
0034_00065.jpg,3695,1463,3840,1583,0.90
0038_00433.jpg,2849,1689,2948,1736,0.86
0035_00269.jpg,1911,528,1979,598,0.15
0035_00269.jpg,871,1520,1024,1643,0.91
0034_00016.jpg,3730,1462,3840,1570,0.87
0038_00343.jpg,3224,2079,3268,2138,0.22
0038_00343.jpg,2859,1191,2953,1244,0.88
0038_00471.jpg,2859,1718,2952,1770,0.87
0035_00386.jpg,25,360,397,639,0.11
0035_00386.jpg,1331,0,1448,104,0.26
0035_00386.jpg,1050,290,1115,353,0.70
0035_00386.jpg,556,2035,701,2160,0.89
0035_00135.jpg,1520,689,1668,811,0.90
0038_00153.jpg,3281,1389,3327,1428,0.07
0038_00153.jpg,2908,484,3000,536,0.86
0024_00436.jpg,3137,1425,3197,1479,0.34
0038_00001.jpg,3285,927,3329,964,0.70
0038_00001.jpg,2894,24,2987,77,0.78
0038_00362.jpg,2777,1949,2811,2002,0.16
0038_00362.jpg,2865,1220,2962,1273,0.88
0024_00008.jpg,3487,2032,3578,2084,0.18
0034_00063.jpg,3696,1465,3840,1582,0.89
0034_00178.jpg,3328,2038,3475,2155,0.85
0024_00065.jpg,3346,1855,3426,1914,0.80
0034_00155.jpg,3380,2013,3522,2129,0.84
0035_00244.jpg,2008,402,2071,476,0.48
0035_00244.jpg,967,1394,1118,1520,0.91
0038_00003.jpg,3284,946,3329,984,0.55
0038_00003.jpg,2895,44,2987,96,0.74
0038_00454.jpg,2852,1666,2948,1716,0.87
0035_00119.jpg,1646,506,1800,627,0.92
0035_00106.jpg,1685,446,1838,568,0.92
0038_00307.jpg,2774,1954,2808,2004,0.05
0038_00307.jpg,3224,2114,3272,2160,0.06
0038_00307.jpg,2860,1228,2953,1280,0.86
0019_00102.jpg,3620,1048,3716,1120,0.84
0035_00382.jpg,27,360,390,642,0.07
0035_00382.jpg,1326,0,1445,108,0.49
0035_00382.jpg,1041,294,1108,360,0.71
0035_00382.jpg,539,2038,694,2160,0.91
0034_00034.jpg,3685,1497,3839,1613,0.89
0034_00205.jpg,3349,2006,3499,2125,0.86
0038_00331.jpg,3223,2088,3266,2145,0.09
0038_00331.jpg,2857,1203,2952,1255,0.87
0034_00006.jpg,3802,1373,3840,1463,0.67
0024_00004.jpg,3490,2052,3564,2106,0.26
0034_00064.jpg,3696,1463,3840,1583,0.90
0019_00391.jpg,3321,927,3408,1009,0.77
0034_00131.jpg,3568,1736,3711,1848,0.89
0038_00443.jpg,2847,1674,2946,1724,0.88
0034_00105.jpg,3712,1466,3840,1587,0.88
0034_00172.jpg,3324,2049,3467,2157,0.79
0038_00032.jpg,3268,1138,3313,1174,0.71
0038_00032.jpg,2890,242,2984,292,0.87
0038_00453.jpg,2851,1666,2948,1716,0.87
0024_00138.jpg,3338,1516,3390,1560,0.23
0034_00156.jpg,3373,2019,3527,2140,0.82
0024_00497.jpg,3103,1517,3157,1568,0.65
0034_00202.jpg,3348,2012,3486,2123,0.84
0019_00538.jpg,3312,1459,3410,1565,0.82
0035_00225.jpg,2166,158,2237,241,0.42
0035_00225.jpg,1130,1162,1280,1282,0.87
0035_00190.jpg,1282,962,1434,1082,0.91
0038_00291.jpg,2780,1914,2816,1961,0.05
0038_00291.jpg,2869,1184,2965,1236,0.87
0019_00423.jpg,3306,1069,3391,1155,0.84
0024_00212.jpg,3244,1295,3299,1334,0.34
0034_00007.jpg,3792,1385,3840,1479,0.67
0034_00009.jpg,3775,1407,3840,1521,0.79
0035_00122.jpg,1627,534,1782,655,0.90
0024_00041.jpg,3417,1930,3501,1991,0.62
0035_00086.jpg,1663,464,1813,582,0.92
0035_00083.jpg,1661,467,1812,585,0.92
0034_00151.jpg,3412,1985,3543,2095,0.85
0035_00128.jpg,1579,601,1733,721,0.90
0034_00035.jpg,3684,1496,3837,1611,0.90
0024_00353.jpg,3407,1312,3462,1357,0.34
0038_00391.jpg,2865,1455,2961,1508,0.89
0035_00334.jpg,684,1796,836,1923,0.91
0038_00354.jpg,3227,2087,3275,2143,0.09
0038_00354.jpg,2861,1196,2961,1247,0.89
0035_00081.jpg,216,1140,259,1177,0.13
0035_00081.jpg,1664,466,1814,585,0.92
0034_00173.jpg,3325,2048,3462,2157,0.78
0024_00599.jpg,3044,1844,3111,1911,0.79
0034_00073.jpg,3699,1458,3840,1574,0.89
0035_00120.jpg,1640,516,1794,634,0.92
0038_00430.jpg,2850,1688,2947,1737,0.86
0035_00196.jpg,1281,955,1431,1075,0.91
0038_00328.jpg,3223,2093,3268,2149,0.07
0038_00328.jpg,2858,1208,2954,1259,0.87
0034_00112.jpg,3692,1511,3840,1627,0.88
0038_00098.jpg,3271,1118,3314,1155,0.74
0038_00098.jpg,2895,220,2987,270,0.85
0035_00379.jpg,28,362,385,647,0.17
0035_00379.jpg,1319,0,1442,110,0.44
0035_00379.jpg,1032,295,1100,361,0.76
0035_00379.jpg,537,2043,685,2160,0.90
0019_00195.jpg,3451,766,3548,834,0.24
0035_00143.jpg,1444,787,1595,907,0.90
0008_00330.jpg,1845,887,1911,994,0.84
0035_00046.jpg,1893,169,2047,294,0.92
0034_00144.jpg,3472,1911,3594,2017,0.85
0035_00111.jpg,1675,462,1830,581,0.92
0034_00181.jpg,3327,2034,3469,2151,0.86
0035_00103.jpg,1682,444,1837,563,0.91
0035_00090.jpg,1664,460,1819,580,0.91
0034_00152.jpg,3402,1992,3535,2104,0.84
0035_00089.jpg,1663,461,1818,581,0.91
0038_00337.jpg,3223,2083,3266,2141,0.16
0038_00337.jpg,2857,1197,2952,1248,0.88
0024_00273.jpg,3193,1192,3250,1233,0.60
0035_00076.jpg,1671,453,1827,575,0.92
0034_00082.jpg,3705,1455,3840,1576,0.86
0034_00074.jpg,3701,1457,3840,1575,0.88
0035_00108.jpg,1683,450,1836,570,0.91
0038_00289.jpg,3237,2066,3282,2118,0.16
0038_00289.jpg,2781,1902,2816,1950,0.20
0038_00289.jpg,2870,1174,2966,1226,0.88
0038_00339.jpg,3222,2083,3267,2140,0.18
0038_00339.jpg,2857,1193,2951,1246,0.88
0038_00299.jpg,2774,1943,2810,1994,0.09
0038_00299.jpg,2866,1214,2963,1268,0.88
0024_00012.jpg,3488,2010,3570,2063,0.61
0038_00395.jpg,2864,1494,2960,1545,0.87
0038_00458.jpg,2854,1670,2949,1720,0.87
0034_00038.jpg,3684,1490,3840,1608,0.90
0035_00278.jpg,1919,517,1991,595,0.38
0035_00278.jpg,875,1509,1032,1633,0.92
0038_00476.jpg,2859,1750,2955,1803,0.87
0024_00588.jpg,3810,321,3839,381,0.08
0024_00588.jpg,3040,1829,3108,1897,0.79
0035_00133.jpg,1536,664,1686,785,0.91
0034_00079.jpg,3704,1455,3840,1577,0.86
0024_00037.jpg,3426,1938,3508,1996,0.64
0024_00221.jpg,3259,1257,3307,1296,0.42
0038_00383.jpg,2866,1378,2960,1430,0.87
0019_00332.jpg,3379,894,3452,973,0.66
0034_00026.jpg,3689,1502,3840,1616,0.89
0034_00199.jpg,3342,2011,3485,2132,0.85
0035_00189.jpg,1281,965,1435,1084,0.91
0034_00070.jpg,3698,1461,3840,1579,0.88
0035_00242.jpg,2015,378,2089,453,0.18
0035_00242.jpg,978,1375,1134,1499,0.92
0038_00342.jpg,3223,2081,3268,2139,0.30
0038_00342.jpg,2858,1192,2951,1244,0.88
0019_00511.jpg,3302,1285,3391,1389,0.79
0035_00104.jpg,1684,445,1837,564,0.91
0034_00019.jpg,3714,1478,3840,1588,0.89
0035_00321.jpg,802,1629,951,1753,0.91
0038_00305.jpg,2774,1953,2809,2002,0.08
0038_00305.jpg,2861,1227,2957,1277,0.86
0034_00030.jpg,3684,1501,3838,1612,0.90
0024_00373.jpg,3334,1287,3391,1328,0.28
0034_00111.jpg,3696,1503,3840,1620,0.88
0024_00311.jpg,3326,1266,3394,1313,0.28
0024_00036.jpg,3429,1941,3510,1998,0.57
0019_00516.jpg,3302,1319,3393,1425,0.85
0038_00429.jpg,2849,1687,2946,1735,0.86
0035_00274.jpg,1911,524,1986,594,0.38
0035_00274.jpg,872,1514,1028,1638,0.92
0038_00472.jpg,2858,1723,2951,1775,0.88
0035_00281.jpg,1921,512,1994,591,0.27
0035_00281.jpg,881,1504,1035,1629,0.91
0038_00157.jpg,3280,1429,3326,1466,0.16
0038_00157.jpg,2912,524,2998,576,0.88
0035_00238.jpg,2055,326,2122,402,0.57
0035_00238.jpg,1015,1323,1165,1446,0.90
0024_00042.jpg,3413,1932,3499,1990,0.50
0038_00440.jpg,2849,1681,2945,1729,0.87
0038_00315.jpg,2857,1224,2951,1275,0.87
0035_00049.jpg,1862,209,2018,330,0.90
0034_00119.jpg,3664,1575,3807,1686,0.90
0038_00160.jpg,3279,1457,3326,1497,0.49
0038_00160.jpg,2911,553,3001,605,0.85
0034_00037.jpg,3684,1492,3839,1609,0.90
0035_00048.jpg,1869,196,2026,318,0.89
0024_00389.jpg,3259,1267,3317,1310,0.06
0034_00099.jpg,3716,1451,3840,1567,0.88
0038_00417.jpg,2854,1657,2952,1708,0.87
0035_00224.jpg,2174,142,2248,230,0.38
0035_00224.jpg,1139,1147,1290,1269,0.91
0035_00185.jpg,1278,971,1429,1089,0.91
0035_00276.jpg,1915,521,1992,596,0.42
0035_00276.jpg,877,1510,1031,1636,0.92
0034_00015.jpg,3734,1455,3840,1566,0.84
0024_00361.jpg,3389,1307,3445,1352,0.19
0035_00239.jpg,2042,338,2115,417,0.22
0035_00239.jpg,1009,1338,1158,1462,0.91
0024_00319.jpg,7,505,33,537,0.13
0035_00065.jpg,1723,388,1880,509,0.90
0024_00485.jpg,3102,1503,3157,1555,0.08
0024_00063.jpg,239,350,272,378,0.11
0024_00063.jpg,3348,1870,3425,1923,0.66
0035_00167.jpg,1286,984,1439,1106,0.92
0035_00310.jpg,1909,523,1980,594,0.12
0035_00310.jpg,867,1529,1016,1654,0.91
0035_00237.jpg,2062,313,2132,394,0.65
0035_00237.jpg,1020,1310,1174,1434,0.91
0024_00413.jpg,3175,1326,3235,1376,0.22
0038_00355.jpg,2861,1198,2960,1249,0.88
0034_00023.jpg,3700,1497,3840,1612,0.89
0035_00271.jpg,1909,526,1980,598,0.14
0035_00271.jpg,874,1516,1026,1641,0.93
0034_00122.jpg,3648,1615,3793,1726,0.89
0024_00241.jpg,3237,1194,3297,1234,0.07
0038_00148.jpg,3282,1339,3325,1376,0.08
0038_00148.jpg,2909,433,3002,485,0.87
0038_00426.jpg,2851,1682,2946,1731,0.87
0038_00150.jpg,3282,1357,3327,1396,0.62
0038_00150.jpg,2909,456,2999,505,0.86
0035_00075.jpg,1675,451,1831,572,0.91
0024_00032.jpg,3445,1943,3528,1999,0.70
0024_00442.jpg,3123,1461,3178,1512,0.39
0035_00283.jpg,1925,511,1995,587,0.11
0035_00283.jpg,884,1504,1037,1625,0.88
0035_00201.jpg,1274,961,1426,1079,0.90
0038_00300.jpg,2775,1944,2811,1994,0.19
0038_00300.jpg,2865,1217,2961,1269,0.88
0038_00340.jpg,3222,2082,3267,2140,0.20
0038_00340.jpg,2857,1193,2951,1245,0.89
0038_00507.jpg,2855,2043,2952,2095,0.81
0019_00599.jpg,3401,1558,3496,1674,0.83
0019_00532.jpg,3311,1431,3406,1546,0.78
0035_00092.jpg,1668,454,1824,574,0.92
0019_00093.jpg,3651,1048,3747,1124,0.53
0035_00078.jpg,1668,460,1821,581,0.92
0024_00028.jpg,430,304,459,328,0.06
0024_00028.jpg,3459,1949,3534,2007,0.64
0035_00374.jpg,2189,5,2264,119,0.12
0035_00374.jpg,16,372,364,649,0.15
0035_00374.jpg,1315,0,1435,116,0.50
0035_00374.jpg,1022,303,1089,365,0.75
0035_00374.jpg,528,2055,675,2160,0.90
0038_00147.jpg,3281,1329,3324,1365,0.19
0038_00147.jpg,2910,422,3000,475,0.88
0024_00177.jpg,3224,1451,3281,1497,0.54
0038_00298.jpg,2774,1941,2811,1989,0.05
0038_00298.jpg,2866,1213,2963,1264,0.88
0006_00026.jpg,3649,152,3777,324,0.88
0038_00306.jpg,2774,1953,2808,2003,0.06
0038_00306.jpg,2860,1227,2954,1278,0.86
0035_00209.jpg,2270,0,2363,96,0.05
0035_00209.jpg,1247,993,1400,1114,0.90
0008_00335.jpg,1829,848,1896,956,0.86
0035_00311.jpg,1911,529,1972,596,0.17
0035_00311.jpg,859,1536,1014,1661,0.91
0038_00503.jpg,2856,2006,2952,2059,0.87
0038_00496.jpg,2860,1942,2958,1993,0.86
0034_00071.jpg,3698,1460,3840,1577,0.88
0024_00325.jpg,3366,1285,3421,1328,0.22
0038_00348.jpg,3225,2078,3268,2135,0.48
0038_00348.jpg,2860,1190,2956,1242,0.88
0024_00077.jpg,3338,1801,3422,1858,0.72
0035_00194.jpg,1282,956,1432,1076,0.91
0034_00149.jpg,3426,1969,3552,2075,0.86
0034_00106.jpg,3709,1471,3840,1588,0.88
0035_00163.jpg,1298,971,1452,1091,0.91
0034_00102.jpg,3714,1457,3840,1573,0.86
0038_00301.jpg,2775,1948,2810,1996,0.31
0038_00301.jpg,2865,1219,2961,1272,0.88
0038_00350.jpg,3225,2080,3270,2137,0.40
0038_00350.jpg,2862,1190,2958,1242,0.88
0035_00184.jpg,1281,975,1430,1093,0.91
0038_00353.jpg,3228,2085,3273,2141,0.23
0038_00353.jpg,2860,1194,2961,1245,0.89
